<?xml version="1.0" encoding="UTF-8" ?>
<XMLDB PATH="local/gamedlemaster/db" VERSION="20191111" COMMENT="Version 6 de la BD"
    xmlns:xsi="http://www.w3.org/2001/XMLSchema-instance"
    xsi:noNamespaceSchemaLocation="../../../lib/xmldb/xmldb.xsd"
>
  <TABLES>
    <TABLE NAME="gmdl_usuario" COMMENT="Aqui se guarda toa la informacion del usuario">
      <FIELDS>
        <FIELD NAME="id" TYPE="int" LENGTH="10" NOTNULL="true" SEQUENCE="true"/>
        <FIELD NAME="mdl_id_usuario" TYPE="int" LENGTH="10" NOTNULL="true" SEQUENCE="false" COMMENT="La referencia al usuario de moodle"/>
        <FIELD NAME="nivel_actual" TYPE="int" LENGTH="10" NOTNULL="true" DEFAULT="1" SEQUENCE="false" COMMENT="Nivel actual del usuario"/>
        <FIELD NAME="experiencia_actual" TYPE="int" LENGTH="10" NOTNULL="true" DEFAULT="0" SEQUENCE="false" COMMENT="La experiencia que lleva del nivel  n el usuario"/>
        <FIELD NAME="experiencia_nivel" TYPE="int" LENGTH="10" NOTNULL="true" DEFAULT="0" SEQUENCE="false"/>
        <FIELD NAME="monedas_oro" TYPE="int" LENGTH="10" NOTNULL="true" DEFAULT="1" SEQUENCE="false" COMMENT="Monedas de oro que tiene el usuario"/>
        <FIELD NAME="monedas_plata" TYPE="int" LENGTH="10" NOTNULL="true" DEFAULT="100" SEQUENCE="false" COMMENT="Las monedas de plata que tiene el usuario"/>
      </FIELDS>
      <KEYS>
        <KEY NAME="primary" TYPE="primary" FIELDS="id"/>
        <KEY NAME="mdl_id_usuario" TYPE="unique" FIELDS="mdl_id_usuario"/>
      </KEYS>
    </TABLE>
    <TABLE NAME="gmdl_nivel_categoria_curso" COMMENT="Nivel que tiene un usuario en un tipo de curso">
      <FIELDS>
        <FIELD NAME="id" TYPE="int" LENGTH="10" NOTNULL="true" SEQUENCE="true"/>
        <FIELD NAME="nivel_actual" TYPE="int" LENGTH="10" NOTNULL="true" DEFAULT="1" SEQUENCE="false" COMMENT="Numero entero positivo que indica el nivel actual del alumno"/>
        <FIELD NAME="experiencia_actual" TYPE="int" LENGTH="10" NOTNULL="true" DEFAULT="0" SEQUENCE="false" COMMENT="La experiencia actual del nivel actual del alumno"/>
        <FIELD NAME="gmdl_id_usuario" TYPE="int" LENGTH="10" NOTNULL="true" SEQUENCE="false" COMMENT="Referencia a nuestra tabala usuario"/>
        <FIELD NAME="mdl_id_categoria_curso" TYPE="int" LENGTH="10" NOTNULL="true" SEQUENCE="false"/>
      </FIELDS>
      <KEYS>
        <KEY NAME="primary" TYPE="primary" FIELDS="id"/>
        <KEY NAME="gmdl_id_usuario" TYPE="foreign" FIELDS="gmdl_id_usuario" REFTABLE="gmdl_usuario" REFFIELDS="mdl_id_usuario"/>
        <KEY NAME="mdl_id_categoria_curso" TYPE="foreign" FIELDS="mdl_id_categoria_curso" REFTABLE="course_categories" REFFIELDS="id" COMMENT="Referencia a la tabla mdl_course_categories"/>
      </KEYS>
      <INDEXES>
        <INDEX NAME="gmdl_id_usuario-mdl_id_categoria_curso" UNIQUE="true" FIELDS="gmdl_id_usuario, mdl_id_categoria_curso"/>
      </INDEXES>
    </TABLE>
    <TABLE NAME="gmdl_rango_nivel" COMMENT="Especializacion de rangos de lo niveles">
      <FIELDS>
        <FIELD NAME="id" TYPE="int" LENGTH="10" NOTNULL="true" SEQUENCE="true"/>
        <FIELD NAME="nombre" TYPE="char" LENGTH="60" NOTNULL="true" DEFAULT="Los mejores" SEQUENCE="false" COMMENT="Nombre que recibiran los niveles dentro del rango"/>
        <FIELD NAME="nivel_inferior" TYPE="int" LENGTH="10" NOTNULL="true" DEFAULT="0" SEQUENCE="false" COMMENT="Limite cerrado inferior del nivel que debe de tener el alumno"/>
        <FIELD NAME="nivel_superior" TYPE="int" LENGTH="10" NOTNULL="true" DEFAULT="0" SEQUENCE="false" COMMENT="Limite cerrado superior del nivel que debe tener el alumno"/>
        <FIELD NAME="imagen" TYPE="char" LENGTH="150" NOTNULL="true" DEFAULT="./" SEQUENCE="false" COMMENT="ruta donde se guardara la imagen del usuario"/>
        <FIELD NAME="mensaje" TYPE="char" LENGTH="50" NOTNULL="true" DEFAULT="Eres el mejor, bien hecho!" SEQUENCE="false" COMMENT="Mensaje que se le mostrara al usuario al subir a un nivel dentro de ese rango"/>
        <FIELD NAME="descripcion" TYPE="char" LENGTH="200" NOTNULL="true" DEFAULT="Los niveles son infinitos, o crees poderme demostrar lo contrario?" SEQUENCE="false" COMMENT="Una descripcion para el rango"/>
      </FIELDS>
      <KEYS>
        <KEY NAME="primary" TYPE="primary" FIELDS="id"/>
      </KEYS>
    </TABLE>
    <TABLE NAME="gmdl_seccion_curso" COMMENT="Esta tabla se usa para guardar las configuraciones de Gamedle de una sección">
      <FIELDS>
        <FIELD NAME="id" TYPE="int" LENGTH="10" NOTNULL="true" SEQUENCE="true"/>
        <FIELD NAME="mdl_id_seccion_curso" TYPE="int" LENGTH="10" NOTNULL="true" SEQUENCE="false" COMMENT="Atributo que referencia a la tabla mdl_course_sections"/>
        <FIELD NAME="experiencia_de_seccion" TYPE="int" LENGTH="10" NOTNULL="true" DEFAULT="0" SEQUENCE="false"/>
      </FIELDS>
      <KEYS>
        <KEY NAME="primary" TYPE="primary" FIELDS="id"/>
        <KEY NAME="mdl_id_seccion_curso" TYPE="unique" FIELDS="mdl_id_seccion_curso"/>
      </KEYS>
    </TABLE>
    <TABLE NAME="gmdl_recompensas_seccion" COMMENT="Llevar un registro de qué recompensas se le han dado al usuario al completar una sección">
      <FIELDS>
        <FIELD NAME="id" TYPE="int" LENGTH="10" NOTNULL="true" SEQUENCE="true"/>
        <FIELD NAME="gmdl_id_usuario" TYPE="int" LENGTH="10" NOTNULL="true" SEQUENCE="false" COMMENT="Referencia al usuario gamificado"/>
        <FIELD NAME="gmdl_id_seccion_curso" TYPE="int" LENGTH="10" NOTNULL="true" SEQUENCE="false" COMMENT="Referencia a la sección gamificada de un curso de moodle"/>
        <FIELD NAME="experiencia_dada" TYPE="int" LENGTH="10" NOTNULL="true" DEFAULT="0" SEQUENCE="false" COMMENT="Atributo que nos dice la experiencia de una sección ya fue otorgada. 0: No se ha dado 1: Ya se dio"/>
      </FIELDS>
      <KEYS>
        <KEY NAME="primary" TYPE="primary" FIELDS="id"/>
        <KEY NAME="gmdl_id_usuario" TYPE="foreign" FIELDS="gmdl_id_usuario" REFTABLE="gmdl_usuario" REFFIELDS="mdl_id_usuario"/>
        <KEY NAME="gmdl_id_seccion_curso" TYPE="foreign" FIELDS="gmdl_id_seccion_curso" REFTABLE="gmdl_seccion_curso" REFFIELDS="mdl_id_seccion_curso"/>
      </KEYS>
      <INDEXES>
        <INDEX NAME="gmd_id_usuario-gmdl_id_seccion_curso" UNIQUE="true" FIELDS="gmdl_id_usuario, gmdl_id_seccion_curso"/>
      </INDEXES>
    </TABLE>
    <TABLE NAME="gmdl_condicion" COMMENT="Condicion que se usa para desbloquear logros, estas pueden ser usadas por diversos logros y así no se repetirian">
      <FIELDS>
        <FIELD NAME="id" TYPE="int" LENGTH="10" NOTNULL="true" SEQUENCE="true"/>
        <FIELD NAME="tabla" TYPE="char" LENGTH="50" NOTNULL="true" SEQUENCE="false" COMMENT="tabla a checar para saber si la condicion se cumplio"/>
        <FIELD NAME="atributo" TYPE="char" LENGTH="30" NOTNULL="true" SEQUENCE="false" COMMENT="Atributo a checar de la tabla asignada, para ver si la condicion se cumple"/>
        <FIELD NAME="expresion" TYPE="char" LENGTH="50" NOTNULL="true" DEFAULT="count(x)" SEQUENCE="false" COMMENT="Expresion que nos indica omo comparar el/los valores del atributo con el valor indicado"/>
        <FIELD NAME="valor" TYPE="char" LENGTH="45" NOTNULL="true" SEQUENCE="false" COMMENT="Valor indicativo para la comparacion"/>
      </FIELDS>
      <KEYS>
        <KEY NAME="primary" TYPE="primary" FIELDS="id"/>
      </KEYS>
    </TABLE>
    <TABLE NAME="gmdl_logro" COMMENT="Caraceristicas del logro visibles para el alumno">
      <FIELDS>
        <FIELD NAME="id" TYPE="int" LENGTH="10" NOTNULL="true" SEQUENCE="true"/>
        <FIELD NAME="modulo" TYPE="char" LENGTH="15" NOTNULL="true" SEQUENCE="false" COMMENT="Refrencia  nuestra tabla componente"/>
        <FIELD NAME="icono" TYPE="char" LENGTH="100" NOTNULL="true" DEFAULT="./" SEQUENCE="false" COMMENT="ruta al icono del logro"/>
        <FIELD NAME="nombre" TYPE="char" LENGTH="50" NOTNULL="true" DEFAULT="El logro" SEQUENCE="false" COMMENT="Nombre identificativo al logro para el usuario"/>
        <FIELD NAME="descripcion" TYPE="char" LENGTH="140" NOTNULL="true" DEFAULT="Has algo!" SEQUENCE="false" COMMENT="Texto que le indica al usuario como desbloquear el logro"/>
        <FIELD NAME="experiencia_de_logro" TYPE="int" LENGTH="10" NOTNULL="true" DEFAULT="100" SEQUENCE="false" COMMENT="La experiencia que otorgara el logro al ser desbloqueado"/>
        <FIELD NAME="tipo" TYPE="char" LENGTH="1" NOTNULL="true" DEFAULT="A" SEQUENCE="false" COMMENT="Que tipo de logro es. SI a nivel curso o plataforma y si es una advertencia o un logro normal"/>
      </FIELDS>
      <KEYS>
        <KEY NAME="primary" TYPE="primary" FIELDS="id"/>
      </KEYS>
      <INDEXES>
        <INDEX NAME="nombre" UNIQUE="true" FIELDS="nombre"/>
      </INDEXES>
    </TABLE>
    <TABLE NAME="gmdl_evento" COMMENT="Eventos que por el momento nos indican que logros pueden llegar a desbloquear">
      <FIELDS>
        <FIELD NAME="id" TYPE="int" LENGTH="10" NOTNULL="true" SEQUENCE="true"/>
        <FIELD NAME="nombre_evento" TYPE="char" LENGTH="100" NOTNULL="true" SEQUENCE="false" COMMENT="Nombre del evento"/>
      </FIELDS>
      <KEYS>
        <KEY NAME="primary" TYPE="primary" FIELDS="id"/>
      </KEYS>
      <INDEXES>
        <INDEX NAME="nombre_evento" UNIQUE="true" FIELDS="nombre_evento"/>
      </INDEXES>
    </TABLE>
    <TABLE NAME="gmdl_evento_logro" COMMENT="Evento que puede desbloquear el logro indicado">
      <FIELDS>
        <FIELD NAME="id" TYPE="int" LENGTH="10" NOTNULL="true" SEQUENCE="true"/>
        <FIELD NAME="gmdl_id_logro" TYPE="int" LENGTH="10" NOTNULL="true" SEQUENCE="false" COMMENT="Referencia a nuestra tabla logro"/>
        <FIELD NAME="gmdl_id_evento" TYPE="int" LENGTH="10" NOTNULL="true" SEQUENCE="false" COMMENT="Referencia a la tabla evento"/>
      </FIELDS>
      <KEYS>
        <KEY NAME="primary" TYPE="primary" FIELDS="id"/>
        <KEY NAME="gmdl_id_logro" TYPE="foreign" FIELDS="gmdl_id_logro" REFTABLE="gmdl_logro" REFFIELDS="id"/>
        <KEY NAME="gmdl_id_evento" TYPE="foreign" FIELDS="gmdl_id_evento" REFTABLE="gmdl_evento" REFFIELDS="id"/>
      </KEYS>
      <INDEXES>
        <INDEX NAME="gmdl_id_evento-gmdl_id_logro" UNIQUE="true" FIELDS="gmdl_id_evento, gmdl_id_logro"/>
      </INDEXES>
    </TABLE>
    <TABLE NAME="gmdl_condicion_logro" COMMENT="Relacion que une al logro con sus condiciones">
      <FIELDS>
        <FIELD NAME="id" TYPE="int" LENGTH="10" NOTNULL="true" SEQUENCE="true"/>
        <FIELD NAME="gmdl_id_logro" TYPE="int" LENGTH="10" NOTNULL="true" SEQUENCE="false" COMMENT="Referencia a nuestra tabla logro"/>
        <FIELD NAME="gmdl_id_condicion" TYPE="int" LENGTH="10" NOTNULL="true" SEQUENCE="false" COMMENT="Referencia a nuestra tabla de condiciones"/>
      </FIELDS>
      <KEYS>
        <KEY NAME="primary" TYPE="primary" FIELDS="id"/>
        <KEY NAME="gmdl_id_logro" TYPE="foreign" FIELDS="gmdl_id_logro" REFTABLE="gmdl_logro" REFFIELDS="id"/>
        <KEY NAME="gmdl_id_condicion" TYPE="foreign" FIELDS="gmdl_id_condicion" REFTABLE="gmdl_condicion" REFFIELDS="id"/>
      </KEYS>
      <INDEXES>
        <INDEX NAME="gmdl_id_logro-gmdl_id_condicion" UNIQUE="true" FIELDS="gmdl_id_logro, gmdl_id_condicion"/>
      </INDEXES>
    </TABLE>
    <TABLE NAME="gmdl_usuario_logro_curso" COMMENT="Bitacora que ve que logros ya desbloqueo o que no ha desbloqueado el usuaio">
      <FIELDS>
        <FIELD NAME="id" TYPE="int" LENGTH="10" NOTNULL="true" SEQUENCE="true"/>
        <FIELD NAME="gmdl_id_usuario" TYPE="int" LENGTH="10" NOTNULL="true" SEQUENCE="false" COMMENT="Referencia a nuestra tabla usuario"/>
        <FIELD NAME="gmdl_id_logro" TYPE="int" LENGTH="10" NOTNULL="true" SEQUENCE="false" COMMENT="Referencia  a  nuestra tabla de logro"/>
        <FIELD NAME="mdl_id_curso" TYPE="int" LENGTH="10" NOTNULL="true" SEQUENCE="false"/>
        <FIELD NAME="cuando" TYPE="int" LENGTH="10" NOTNULL="true" SEQUENCE="false" COMMENT="fecha de cuando se obtuvo este logro"/>
      </FIELDS>
      <KEYS>
        <KEY NAME="primary" TYPE="primary" FIELDS="id"/>
        <KEY NAME="gmdl_id_usuario" TYPE="foreign" FIELDS="gmdl_id_usuario" REFTABLE="gmdl_usuario" REFFIELDS="mdl_id_usuario"/>
        <KEY NAME="gmdl_id_logro" TYPE="foreign" FIELDS="gmdl_id_logro" REFTABLE="gmdl_logro" REFFIELDS="id"/>
        <KEY NAME="mdl_id_curso" TYPE="foreign" FIELDS="mdl_id_curso" REFTABLE="course" REFFIELDS="id"/>
      </KEYS>
      <INDEXES>
        <INDEX NAME="gmdl_id_usuario-gmdl_id_logro-mdl_id_curso" UNIQUE="true" FIELDS="gmdl_id_usuario, gmdl_id_logro, mdl_id_curso"/>
      </INDEXES>
    </TABLE>
    <TABLE NAME="gmdl_usuario_logro_global" COMMENT="Aqui se guardan todos los logros globales desboqueados">
      <FIELDS>
        <FIELD NAME="id" TYPE="int" LENGTH="10" NOTNULL="true" SEQUENCE="true"/>
        <FIELD NAME="gmdl_id_usuario" TYPE="int" LENGTH="10" NOTNULL="true" SEQUENCE="false" COMMENT="Referencia a nuestra tabla usuario"/>
        <FIELD NAME="gmdl_id_logro" TYPE="int" LENGTH="10" NOTNULL="true" SEQUENCE="false" COMMENT="Referencia  a  nuestra tabla de logro"/>
        <FIELD NAME="cuando" TYPE="int" LENGTH="10" NOTNULL="true" SEQUENCE="false" COMMENT="fecha de cuando se obtuvo este logro"/>
      </FIELDS>
      <KEYS>
        <KEY NAME="primary" TYPE="primary" FIELDS="id"/>
        <KEY NAME="gmdl_id_usuario" TYPE="foreign" FIELDS="gmdl_id_usuario" REFTABLE="gmdl_usuario" REFFIELDS="mdl_id_usuario"/>
        <KEY NAME="gmdl_id_logro" TYPE="foreign" FIELDS="gmdl_id_logro" REFTABLE="gmdl_logro" REFFIELDS="id"/>
      </KEYS>
      <INDEXES>
        <INDEX NAME="gmdl_id_usuario-gmdl_id_logro" UNIQUE="true" FIELDS="gmdl_id_usuario, gmdl_id_logro"/>
      </INDEXES>
    </TABLE>
    <TABLE NAME="gmcompcpu" COMMENT="Esta tabla contiene todas las instancias de la actividad.">
      <FIELDS>
        <FIELD NAME="id" TYPE="int" LENGTH="10" NOTNULL="true" SEQUENCE="true"/>
        <FIELD NAME="course" TYPE="int" LENGTH="10" NOTNULL="true" SEQUENCE="false" COMMENT="Este campo es una llave foránea a la tabla course (requerido por moodle)"/>
        <FIELD NAME="name" TYPE="char" LENGTH="255" NOTNULL="true" SEQUENCE="false" COMMENT="Este campo es el nombre que lleva la instancia de la actividad dentro de un curso (Requerido por moodle)"/>
        <FIELD NAME="timemodified" TYPE="int" LENGTH="10" NOTNULL="true" DEFAULT="0" SEQUENCE="false" COMMENT="Tiempo de la última modificación (requerido por moodle)"/>
        <FIELD NAME="intro" TYPE="text" NOTNULL="true" SEQUENCE="false" COMMENT="Este campo es la descripción de la instancia de la actividad (requerido por moodle)"/>
        <FIELD NAME="introformat" TYPE="int" LENGTH="4" NOTNULL="true" DEFAULT="0" SEQUENCE="false" COMMENT="Formato en el que está guardada la descripción de formato (requerido por moodle)"/>
        <FIELD NAME="mdl_question_categories_id" TYPE="text" NOTNULL="true" SEQUENCE="false" COMMENT="Llave foránea que apunta  a la tabla mdl_question de moodle"/>
        <FIELD NAME="completioncpudiff" TYPE="int" LENGTH="10" NOTNULL="false" SEQUENCE="false" COMMENT="dificultad mínima a vencer para completar un curso"/>
      </FIELDS>
      <KEYS>
        <KEY NAME="primary" TYPE="primary" FIELDS="id"/>
        <KEY NAME="mdl_course_id" TYPE="foreign" FIELDS="course" REFTABLE="course" REFFIELDS="id" COMMENT="Lalve foránea"/>
      </KEYS>
    </TABLE>
    <TABLE NAME="gmdl_dificultad_cpu" COMMENT="Catálogo que guarda las dificultades de la CPU">
      <FIELDS>
        <FIELD NAME="id" TYPE="int" LENGTH="10" NOTNULL="true" SEQUENCE="true"/>
        <FIELD NAME="nombre" TYPE="char" LENGTH="10" NOTNULL="true" SEQUENCE="false" COMMENT="Nombre de la dificultad de la CPU"/>
      </FIELDS>
      <KEYS>
        <KEY NAME="primary" TYPE="primary" FIELDS="id"/>
      </KEYS>
    </TABLE>
    <TABLE NAME="gmdl_intento" COMMENT="Tabla que guarda todos los intentos que hacen los usuarios de una instancia">
      <FIELDS>
        <FIELD NAME="id" TYPE="int" LENGTH="10" NOTNULL="true" SEQUENCE="true"/>
        <FIELD NAME="gmdl_dificultad_cpu_id" TYPE="int" LENGTH="10" NOTNULL="true" SEQUENCE="false" COMMENT="Dificultad que se seleccionó para el intento"/>
        <FIELD NAME="gmdlcompcpu_id" TYPE="int" LENGTH="10" NOTNULL="true" SEQUENCE="false" COMMENT="Qué instancia es donde se está llevando el intento"/>
        <FIELD NAME="gmdl_usuario_id" TYPE="int" LENGTH="10" NOTNULL="true" SEQUENCE="false" COMMENT="Usuario que hizó el intento"/>
        <FIELD NAME="puntuacion_cpu" TYPE="int" LENGTH="10" NOTNULL="false" SEQUENCE="false" COMMENT="Puntuación de la CPU para el intento"/>
        <FIELD NAME="puntuacion_usuario" TYPE="int" LENGTH="10" NOTNULL="false" SEQUENCE="false" COMMENT="Puntuación que obtuvo el usuario"/>
        <FIELD NAME="fecha_inicio" TYPE="int" LENGTH="10" NOTNULL="true" SEQUENCE="false" COMMENT="Fecha en la que empezó el intento el usuario"/>
        <FIELD NAME="fecha_fin" TYPE="int" LENGTH="10" NOTNULL="false" SEQUENCE="false" COMMENT="Fecha en la que terminó el intento el usuario"/>
      </FIELDS>
      <KEYS>
        <KEY NAME="primary" TYPE="primary" FIELDS="id"/>
        <KEY NAME="gmdl_dificultad_cpu_id" TYPE="foreign" FIELDS="gmdl_dificultad_cpu_id" REFTABLE="gmdl_dificultad_cpu" REFFIELDS="id" COMMENT="Llave foránea que apunta al catálogo de dificultades de CPU"/>
        <KEY NAME="gmdl_usuario_id" TYPE="foreign" FIELDS="gmdl_usuario_id" REFTABLE="gmdl_usuario" REFFIELDS="id" COMMENT="Llave foránea al usuario que contestó ese intento"/>
        <KEY NAME="gmdlcompcpu_id" TYPE="foreign" FIELDS="gmdlcompcpu_id" REFTABLE="gmdlcompcpu" REFFIELDS="id" COMMENT="Llave foránea que apunta a la tabla que contiene las instancias de la actividad a lo largo de los cursos y páginas de moodle"/>
      </KEYS>
    </TABLE>
    <TABLE NAME="gmdl_respuesta_cpu" COMMENT="Tabla que relaciona a una instancia de la actividad &quot;Competencia VS CPU&quot;, la pregunta que se respondió  y las respuestas que se dieron">
      <FIELDS>
        <FIELD NAME="id" TYPE="int" LENGTH="10" NOTNULL="true" SEQUENCE="true"/>
        <FIELD NAME="mdl_question_id" TYPE="int" LENGTH="10" NOTNULL="true" SEQUENCE="false" COMMENT="Identificador de la pregunta que se respondió en el intento"/>
        <FIELD NAME="mdl_question_answers_id" TYPE="int" LENGTH="10" NOTNULL="true" SEQUENCE="false" COMMENT="Cómo se respondió la pregunta en ese intento"/>
        <FIELD NAME="gmdl_intento_id" TYPE="int" LENGTH="10" NOTNULL="true" SEQUENCE="false" COMMENT="Intento en el que se respondió la pregunta"/>
      </FIELDS>
      <KEYS>
        <KEY NAME="primary" TYPE="primary" FIELDS="id"/>
        <KEY NAME="gmdl_intento_id" TYPE="foreign" FIELDS="gmdl_intento_id" REFTABLE="gmdl_intento" REFFIELDS="id" COMMENT="Llave foŕanea al intento"/>
        <KEY NAME="mdl_question_answers_id" TYPE="foreign" FIELDS="mdl_question_answers_id" REFTABLE="question_answers" REFFIELDS="id" COMMENT="Llave foránea a la respuesta de la pregunta"/>
        <KEY NAME="mdl_question_id" TYPE="foreign" FIELDS="mdl_question_id" REFTABLE="question" REFFIELDS="id" COMMENT="Llave foránea a la pregunta"/>
      </KEYS>
    </TABLE>
    <TABLE NAME="gmcompvs" COMMENT="Tabla que contendrá las instancias de las actividades tipo competencias 1 vs 1">
      <FIELDS>
        <FIELD NAME="id" TYPE="int" LENGTH="10" NOTNULL="true" SEQUENCE="true"/>
        <FIELD NAME="course" TYPE="int" LENGTH="10" NOTNULL="true" SEQUENCE="false" COMMENT="Curso al que está asociada la actividad"/>
        <FIELD NAME="name" TYPE="char" LENGTH="255" NOTNULL="true" SEQUENCE="false" COMMENT="Nombre que recibirá la actividad"/>
        <FIELD NAME="timemodified" TYPE="int" LENGTH="10" NOTNULL="true" DEFAULT="0" SEQUENCE="false" COMMENT="última modificación recibida en los registros"/>
        <FIELD NAME="intro" TYPE="text" NOTNULL="false" SEQUENCE="false" COMMENT="Descripción de la instancia de la actividad"/>
        <FIELD NAME="introformat" TYPE="int" LENGTH="4" NOTNULL="true" DEFAULT="0" SEQUENCE="false" COMMENT="Formato en el cual está escrita la descripción de la instancia de la activdad"/>
        <FIELD NAME="mdl_question_categories_id" TYPE="text" NOTNULL="true" SEQUENCE="false" COMMENT="Banco de preguntas de la actividad"/>
        <FIELD NAME="completionnumwon" TYPE="int" LENGTH="10" NOTNULL="false" SEQUENCE="false" COMMENT="Mínimo número de victorios a tener para completar la actividad"/>
        <FIELD NAME="apuestas_activas" TYPE="binary" NOTNULL="false" SEQUENCE="false" COMMENT="Boleano que indica si la apuesta está activa o no"/>
      </FIELDS>
      <KEYS>
        <KEY NAME="primary" TYPE="primary" FIELDS="id"/>
      </KEYS>
    </TABLE>
    <TABLE NAME="gmdl_partida" COMMENT="Cada partida del 1 vs 1">
      <FIELDS>
        <FIELD NAME="id" TYPE="int" LENGTH="10" NOTNULL="true" SEQUENCE="true"/>
        <FIELD NAME="gmdl_comp_vs_id" TYPE="int" LENGTH="10" NOTNULL="true" SEQUENCE="false" COMMENT="Instancia a la que pertenece la partida"/>
      </FIELDS>
      <KEYS>
        <KEY NAME="primary" TYPE="primary" FIELDS="id"/>
        <KEY NAME="gmdl_comp_vs_id" TYPE="foreign" FIELDS="gmdl_comp_vs_id" REFTABLE="gmcompvs" REFFIELDS="id"/>
      </KEYS>
    </TABLE>
    <TABLE NAME="gmdl_participacion" COMMENT="Datos de la participación que tuvo un usuario en una partida">
      <FIELDS>
        <FIELD NAME="id" TYPE="int" LENGTH="10" NOTNULL="true" SEQUENCE="true"/>
        <FIELD NAME="gmdl_usuario_id" TYPE="int" LENGTH="10" NOTNULL="true" SEQUENCE="false" COMMENT="Usuario que participó"/>
        <FIELD NAME="gmdl_partida_id" TYPE="int" LENGTH="10" NOTNULL="true" SEQUENCE="false" COMMENT="Partida en la que tuvo lugar la participación"/>
        <FIELD NAME="fecha_inicio" TYPE="int" LENGTH="10" NOTNULL="false" SEQUENCE="false" COMMENT="Fecha en la que la participación comenzó"/>
        <FIELD NAME="fecha_fin" TYPE="int" LENGTH="10" NOTNULL="false" SEQUENCE="false" COMMENT="Fecha en la que la participación terminó"/>
        <FIELD NAME="puntuacion" TYPE="int" LENGTH="10" NOTNULL="true" DEFAULT="0" SEQUENCE="false" COMMENT="Puntuacion que obtuvo el jugador en las preguntas (Dependiendo)"/>
      </FIELDS>
      <KEYS>
        <KEY NAME="primary" TYPE="primary" FIELDS="id"/>
        <KEY NAME="gmdl_partida_id" TYPE="foreign" FIELDS="gmdl_partida_id" REFTABLE="gmdl_partida" REFFIELDS="id" COMMENT="Llave foránea a la  partida en la que tuvo lugar la participación"/>
        <KEY NAME="gmdl_usuario_id" TYPE="foreign" FIELDS="gmdl_usuario_id" REFTABLE="gmdl_usuario" REFFIELDS="id" COMMENT="Usuario que participó"/>
      </KEYS>
    </TABLE>
    <TABLE NAME="gmpregdiarias" COMMENT="Tabla que contendrá las instancias de las actividades tipo pregunta diaria">
      <FIELDS>
        <FIELD NAME="id" TYPE="int" LENGTH="10" NOTNULL="true" SEQUENCE="true"/>
        <FIELD NAME="course" TYPE="int" LENGTH="10" NOTNULL="true" SEQUENCE="false" COMMENT="Curso al que está asociada la actividad"/>
        <FIELD NAME="name" TYPE="char" LENGTH="255" NOTNULL="true" SEQUENCE="false" COMMENT="Nombre que recibirá la actividad"/>
        <FIELD NAME="timemodified" TYPE="int" LENGTH="10" NOTNULL="true" DEFAULT="0" SEQUENCE="false" COMMENT="última modificación recibida en los registros"/>
        <FIELD NAME="intro" TYPE="text" NOTNULL="false" SEQUENCE="false" COMMENT="Descripción de la instancia de la actividad"/>
        <FIELD NAME="introformat" TYPE="int" LENGTH="4" NOTNULL="true" DEFAULT="0" SEQUENCE="false" COMMENT="Formato en el cual está escrita la descripción de la instancia de la activdad"/>
        <FIELD NAME="mdl_question_categories_id" TYPE="text" NOTNULL="true" SEQUENCE="false" COMMENT="Banco de preguntas de la actividad"/>
      </FIELDS>
      <KEYS>
        <KEY NAME="primary" TYPE="primary" FIELDS="id"/>
      </KEYS>
    </TABLE>
    <TABLE NAME="gmdl_intento_diario" COMMENT="El intento de un usuario de contestar una pregunta del bacno de preguntas">
      <FIELDS>
        <FIELD NAME="id" TYPE="int" LENGTH="10" NOTNULL="true" SEQUENCE="true"/>
        <FIELD NAME="gmdl_usuario_id" TYPE="int" LENGTH="10" NOTNULL="true" SEQUENCE="false" COMMENT="Usuario que realizó el intento diario"/>
        <FIELD NAME="mdl_question_id" TYPE="int" LENGTH="10" NOTNULL="true" SEQUENCE="false" COMMENT="Pregunta que se intentó responder en el intento diario"/>
        <FIELD NAME="gmdl_preg_diarias_id" TYPE="int" LENGTH="10" NOTNULL="true" SEQUENCE="false" COMMENT="Instancia de la actividad preguntas diarias a la que se apunta"/>
        <FIELD NAME="calificacion" TYPE="number" LENGTH="12" NOTNULL="true" DEFAULT="0.0" SEQUENCE="false" DECIMALS="7" COMMENT="Calificación del usuario al responder la pregunta"/>
        <FIELD NAME="fecha" TYPE="int" LENGTH="10" NOTNULL="true" SEQUENCE="false"/>
      </FIELDS>
      <KEYS>
        <KEY NAME="primary" TYPE="primary" FIELDS="id"/>
        <KEY NAME="gmdl_usuario_id" TYPE="foreign" FIELDS="gmdl_usuario_id" REFTABLE="gmdl_usuario" REFFIELDS="id" COMMENT="Llave foránea que apunta a la tabla gmdl_usuario"/>
        <KEY NAME="mdl_question_id" TYPE="foreign" FIELDS="mdl_question_id" REFTABLE="mdl_question" REFFIELDS="id" COMMENT="Llave foránea que apunta a la tabla pregunta de moodle"/>
        <KEY NAME="gmdl_preg_diarias_id" TYPE="foreign" FIELDS="gmdl_preg_diarias_id" REFTABLE="gmpregdiarias" REFFIELDS="id" COMMENT="Llave foránea que apunta a la tabla gmpregdiarias"/>
      </KEYS>
    </TABLE>
    <TABLE NAME="gmdl_apuesta" COMMENT="Tabla que guarda las apuestas que hizo un usuario">
      <FIELDS>
        <FIELD NAME="id" TYPE="int" LENGTH="10" NOTNULL="true" SEQUENCE="true"/>
        <FIELD NAME="gmdl_participacion_id" TYPE="int" LENGTH="10" NOTNULL="false" SEQUENCE="false" COMMENT="Participación en la que el estudiante apostó monedas de plata"/>
        <FIELD NAME="activa" TYPE="binary" NOTNULL="false" SEQUENCE="false" COMMENT="Indica si la apuesta sigue activa o no"/>
        <FIELD NAME="monedas_plata" TYPE="int" LENGTH="10" NOTNULL="true" DEFAULT="0" SEQUENCE="false" COMMENT="Número de monedas de plata apostadas en la participación"/>
      </FIELDS>
      <KEYS>
        <KEY NAME="primary" TYPE="primary" FIELDS="id"/>
        <KEY NAME="gmdl_participacion_id" TYPE="foreign-unique" FIELDS="gmdl_participacion_id" REFTABLE="gmdl_participacion" REFFIELDS="id" COMMENT="Llave foránea que apunta a la participación donde se apostó"/>
      </KEYS>
    </TABLE>
    <TABLE NAME="gmdl_tipo_objeto" COMMENT="Catálogos de los tipos de objetos disponibles para la personalización">
      <FIELDS>
        <FIELD NAME="id" TYPE="int" LENGTH="10" NOTNULL="true" SEQUENCE="true"/>
        <FIELD NAME="nombre" TYPE="char" LENGTH="50" NOTNULL="true" DEFAULT="Tipo objeto" SEQUENCE="false" COMMENT="Nombre de la categotía de objetos en cuanto a los tipos de objetos que son"/>
      </FIELDS>
      <KEYS>
        <KEY NAME="primary" TYPE="primary" FIELDS="id"/>
      </KEYS>
    </TABLE>
    <TABLE NAME="gmdl_rareza_objeto" COMMENT="Rarezas de los objetos que se tienen">
      <FIELDS>
        <FIELD NAME="id" TYPE="int" LENGTH="10" NOTNULL="true" SEQUENCE="true"/>
        <FIELD NAME="nombre" TYPE="char" LENGTH="50" NOTNULL="true" DEFAULT="Raro" SEQUENCE="false" COMMENT="Nombre que recibe la rareza, que se le presenta al usuario"/>
        <FIELD NAME="costo_adquisicion" TYPE="int" LENGTH="10" NOTNULL="true" DEFAULT="1000" SEQUENCE="false" COMMENT="El costo en monedas de plata que cuesta obtener un objeto de dicha rareza"/>
        <FIELD NAME="posibilidad_de_desbloqueo" TYPE="int" LENGTH="10" NOTNULL="true" DEFAULT="30" SEQUENCE="false" COMMENT="Probabilidad que un objeto de esta rareza sea desbloqueado al dar un objeto"/>
      </FIELDS>
      <KEYS>
        <KEY NAME="primary" TYPE="primary" FIELDS="id"/>
      </KEYS>
    </TABLE>
    <TABLE NAME="gmdl_objeto" COMMENT="Objetos de personalización disponibles">
      <FIELDS>
        <FIELD NAME="id" TYPE="int" LENGTH="10" NOTNULL="true" SEQUENCE="true"/>
        <FIELD NAME="nombre" TYPE="char" LENGTH="50" NOTNULL="true" DEFAULT="Un objeto" SEQUENCE="false" COMMENT="Nombre del objeto que se le mostrará al usuario"/>
        <FIELD NAME="valor" TYPE="text" NOTNULL="true" SEQUENCE="false" COMMENT="Valor que puede significar varios valores dependiendo su tipo. Nombre clase si es un stilo y nombre de ubicación del archivo si es una imagen"/>
        <FIELD NAME="gmdl_tipo_objeto_id" TYPE="int" LENGTH="10" NOTNULL="true" DEFAULT="1" SEQUENCE="false" COMMENT="Tipo de objeto"/>
        <FIELD NAME="gmdl_rareza_objeto_id" TYPE="int" LENGTH="10" NOTNULL="true" DEFAULT="1" SEQUENCE="false" COMMENT="Rareza del objeto"/>
      </FIELDS>
      <KEYS>
        <KEY NAME="primary" TYPE="primary" FIELDS="id"/>
        <KEY NAME="gmdl_tipo_objeto_id" TYPE="foreign" FIELDS="gmdl_tipo_objeto_id" REFTABLE="gmdl_tipo_objeto" REFFIELDS="id" COMMENT="Llave foránea que apunta a la tabla de tipo objeto"/>
        <KEY NAME="gmdl_rareza_objeto_id" TYPE="foreign" FIELDS="gmdl_rareza_objeto_id" REFTABLE="gmdl_rareza_objeto" REFFIELDS="id" COMMENT="Llave foránea que apunta a la rareza de objeto"/>
      </KEYS>
    </TABLE>
    <TABLE NAME="gmdl_objeto_desbloqueado" COMMENT="Objeto ya adqurido por el usuario">
      <FIELDS>
        <FIELD NAME="id" TYPE="int" LENGTH="10" NOTNULL="true" SEQUENCE="true"/>
        <FIELD NAME="gmdl_objeto_id" TYPE="int" LENGTH="10" NOTNULL="true" SEQUENCE="false" COMMENT="Objeto que fue adquirido"/>
        <FIELD NAME="gmdl_usuario_id" TYPE="int" LENGTH="10" NOTNULL="true" SEQUENCE="false" COMMENT="Usuario que adquirió el objeto"/>
        <FIELD NAME="elegido" TYPE="int" LENGTH="1" NOTNULL="true" DEFAULT="0" SEQUENCE="false" COMMENT="Número entero que refleja que este elemento está selccionado para la muestra en las pantallas"/>
      </FIELDS>
      <KEYS>
        <KEY NAME="primary" TYPE="primary" FIELDS="id"/>
        <KEY NAME="gmdl_usuario_id" TYPE="foreign" FIELDS="gmdl_usuario_id" REFTABLE="gmdl_usuario" REFFIELDS="id" COMMENT="Llave foránea que apunta a la tabla Usuario"/>
        <KEY NAME="gmdl_objeto_id" TYPE="foreign" FIELDS="gmdl_objeto_id" REFTABLE="gmdl_objeto" REFFIELDS="id" COMMENT="Objeto que fue desbloqueado"/>
      </KEYS>
    </TABLE>
  </TABLES>
</XMLDB>